{
  "corn_0": {
    "contour_points": [
      [
        1247,
        50
      ],
      [
        1179,
        25
      ],
      [
        928,
        191
      ],
      [
        885,
        285
      ],
      [
        974,
        292
      ],
      [
        1136,
        213
      ],
      [
        1251,
        125
      ]
    ],
    "mask_shape": [
      720,
      1280
    ],
    "mask_area": 52064,
    "min_area_rect": {
      "center": [
        1068.50341796875,
        171.14768981933594
      ],
      "size": [
        146.47866821289062,
        431.40753173828125
      ],
      "angle": 55.00798416137695
    }
  },
  "banana_0": {
    "contour_points": [
      [
        1226,
        323
      ],
      [
        1189,
        317
      ],
      [
        1185,
        402
      ],
      [
        1102,
        515
      ],
      [
        762,
        611
      ],
      [
        970,
        659
      ],
      [
        1177,
        607
      ],
      [
        1271,
        479
      ]
    ],
    "mask_shape": [
      720,
      1280
    ],
    "mask_area": 62988,
    "min_area_rect": {
      "center": [
        1046.705810546875,
        549.2053833007812
      ],
      "size": [
        237.95655822753906,
        546.0550537109375
      ],
      "angle": 57.334102630615234
    }
  },
  "potato_0": {
    "contour_points": [
      [
        685,
        361
      ],
      [
        675,
        438
      ],
      [
        750,
        514
      ],
      [
        807,
        541
      ],
      [
        907,
        533
      ],
      [
        928,
        434
      ],
      [
        850,
        345
      ],
      [
        755,
        324
      ]
    ],
    "mask_shape": [
      720,
      1280
    ],
    "mask_area": 43329,
    "min_area_rect": {
      "center": [
        806.5911865234375,
        435.2320556640625
      ],
      "size": [
        280.0732421875,
        193.55380249023438
      ],
      "angle": 41.987213134765625
    }
  },
  "redpepper_0": {
    "contour_points": [
      [
        568,
        481
      ],
      [
        525,
        520
      ],
      [
        503,
        643
      ],
      [
        531,
        682
      ],
      [
        649,
        716
      ],
      [
        718,
        622
      ],
      [
        720,
        555
      ],
      [
        677,
        507
      ]
    ],
    "mask_shape": [
      720,
      1280
    ],
    "mask_area": 40471,
    "min_area_rect": {
      "center": [
        611.1004028320312,
        601.255859375
      ],
      "size": [
        216.77610778808594,
        221.61228942871094
      ],
      "angle": 18.996654510498047
    }
  },
  "banana_1": {
    "contour_points": [
      [
        1267,
        439
      ],
      [
        1169,
        439
      ],
      [
        1070,
        532
      ],
      [
        804,
        569
      ],
      [
        762,
        611
      ],
      [
        880,
        658
      ],
      [
        1119,
        634
      ],
      [
        1229,
        564
      ]
    ],
    "mask_shape": [
      720,
      1280
    ],
    "mask_area": 52113,
    "min_area_rect": {
      "center": [
        1032.713134765625,
        576.136474609375
      ],
      "size": [
        166.92059326171875,
        533.4361572265625
      ],
      "angle": 70.39591217041016
    }
  }
}