{
  "potato_0": {
    "contour_points": [
      [
        738,
        438
      ],
      [
        751,
        518
      ],
      [
        863,
        575
      ],
      [
        982,
        562
      ],
      [
        1009,
        535
      ],
      [
        988,
        427
      ],
      [
        894,
        377
      ],
      [
        801,
        380
      ]
    ],
    "mask_shape": [
      720,
      1280
    ],
    "mask_area": 44907,
    "min_area_rect": {
      "center": [
        878.3837890625,
        475.3758544921875
      ],
      "size": [
        287.132568359375,
        194.80885314941406
      ],
      "angle": 23.702646255493164
    }
  },
  "redpepper_0": {
    "contour_points": [
      [
        569,
        482
      ],
      [
        522,
        527
      ],
      [
        502,
        643
      ],
      [
        532,
        684
      ],
      [
        644,
        719
      ],
      [
        719,
        619
      ],
      [
        721,
        561
      ],
      [
        688,
        514
      ]
    ],
    "mask_shape": [
      720,
      1280
    ],
    "mask_area": 40330,
    "min_area_rect": {
      "center": [
        608.628662109375,
        598.2236328125
      ],
      "size": [
        217.6578826904297,
        220.4557647705078
      ],
      "angle": 24.962787628173828
    }
  },
  "banana_0": {
    "contour_points": [
      [
        672,
        108
      ],
      [
        541,
        273
      ],
      [
        194,
        313
      ],
      [
        311,
        376
      ],
      [
        568,
        368
      ],
      [
        678,
        263
      ]
    ],
    "mask_shape": [
      720,
      1280
    ],
    "mask_area": 51042,
    "min_area_rect": {
      "center": [
        469.4884338378906,
        293.5297546386719
      ],
      "size": [
        215.62205505371094,
        520.0841674804688
      ],
      "angle": 66.2763442993164
    }
  }
}