{
  "potato_0": {
    "contour_points": [
      [
        893,
        319
      ],
      [
        810,
        372
      ],
      [
        807,
        475
      ],
      [
        877,
        569
      ],
      [
        957,
        587
      ],
      [
        1009,
        539
      ],
      [
        1010,
        424
      ],
      [
        942,
        331
      ]
    ],
    "mask_shape": [
      720,
      1280
    ],
    "mask_area": 44913,
    "min_area_rect": {
      "center": [
        909.3739013671875,
        454.0318908691406
      ],
      "size": [
        272.3473205566406,
        207.7717742919922
      ],
      "angle": 87.91743469238281
    }
  },
  "redpepper_0": {
    "contour_points": [
      [
        569,
        482
      ],
      [
        523,
        524
      ],
      [
        503,
        648
      ],
      [
        533,
        685
      ],
      [
        644,
        719
      ],
      [
        716,
        625
      ],
      [
        721,
        562
      ],
      [
        686,
        513
      ]
    ],
    "mask_shape": [
      720,
      1280
    ],
    "mask_area": 40353,
    "min_area_rect": {
      "center": [
        608.3995361328125,
        598.3829345703125
      ],
      "size": [
        217.5892333984375,
        220.7823028564453
      ],
      "angle": 24.92847442626953
    }
  },
  "banana_0": {
    "contour_points": [
      [
        650,
        96
      ],
      [
        513,
        274
      ],
      [
        180,
        319
      ],
      [
        324,
        382
      ],
      [
        547,
        368
      ],
      [
        661,
        258
      ]
    ],
    "mask_shape": [
      720,
      1280
    ],
    "mask_area": 51155,
    "min_area_rect": {
      "center": [
        455.5909118652344,
        291.3623962402344
      ],
      "size": [
        217.6122283935547,
        520.2044677734375
      ],
      "angle": 64.17216491699219
    }
  }
}