{
  "potato_0": {
    "contour_points": [
      [
        740,
        434
      ],
      [
        752,
        518
      ],
      [
        866,
        573
      ],
      [
        924,
        575
      ],
      [
        1009,
        535
      ],
      [
        991,
        426
      ],
      [
        887,
        372
      ],
      [
        801,
        379
      ]
    ],
    "mask_shape": [
      720,
      1280
    ],
    "mask_area": 44935,
    "min_area_rect": {
      "center": [
        878.9482421875,
        473.3793029785156
      ],
      "size": [
        287.27069091796875,
        194.6087188720703
      ],
      "angle": 21.801406860351562
    }
  },
  "redpepper_0": {
    "contour_points": [
      [
        568,
        481
      ],
      [
        523,
        524
      ],
      [
        505,
        650
      ],
      [
        596,
        713
      ],
      [
        651,
        715
      ],
      [
        718,
        621
      ],
      [
        720,
        556
      ],
      [
        674,
        506
      ]
    ],
    "mask_shape": [
      720,
      1280
    ],
    "mask_area": 40439,
    "min_area_rect": {
      "center": [
        610.7894897460938,
        601.3307495117188
      ],
      "size": [
        216.70619201660156,
        221.37884521484375
      ],
      "angle": 18.946504592895508
    }
  },
  "corn_0": {
    "contour_points": [
      [
        1164,
        53
      ],
      [
        1093,
        44
      ],
      [
        1026,
        96
      ],
      [
        905,
        261
      ],
      [
        888,
        370
      ],
      [
        980,
        355
      ],
      [
        1114,
        231
      ],
      [
        1190,
        121
      ]
    ],
    "mask_shape": [
      720,
      1280
    ],
    "mask_area": 53013,
    "min_area_rect": {
      "center": [
        1029.5999755859375,
        214.3000030517578
      ],
      "size": [
        153.92367553710938,
        419.6722412109375
      ],
      "angle": 37.87498474121094
    }
  },
  "banana_0": {
    "contour_points": [
      [
        673,
        108
      ],
      [
        642,
        101
      ],
      [
        607,
        207
      ],
      [
        529,
        277
      ],
      [
        194,
        312
      ],
      [
        308,
        374
      ],
      [
        547,
        376
      ],
      [
        674,
        271
      ]
    ],
    "mask_shape": [
      720,
      1280
    ],
    "mask_area": 51113,
    "min_area_rect": {
      "center": [
        469.62481689453125,
        292.0680847167969
      ],
      "size": [
        215.98342895507812,
        520.5936279296875
      ],
      "angle": 66.24183654785156
    }
  }
}