{
  "banana_0": {
    "contour_points": [
      [
        1204,
        322
      ],
      [
        1164,
        319
      ],
      [
        1118,
        522
      ],
      [
        843,
        622
      ],
      [
        796,
        679
      ],
      [
        975,
        701
      ],
      [
        1202,
        611
      ],
      [
        1273,
        468
      ]
    ],
    "mask_shape": [
      720,
      1280
    ],
    "mask_area": 64717,
    "min_area_rect": {
      "center": [
        1065.0107421875,
        571.876708984375
      ],
      "size": [
        242.3367919921875,
        542.0298461914062
      ],
      "angle": 47.67240524291992
    }
  },
  "corn_0": {
    "contour_points": [
      [
        1197,
        102
      ],
      [
        1147,
        63
      ],
      [
        1071,
        76
      ],
      [
        855,
        180
      ],
      [
        801,
        258
      ],
      [
        887,
        281
      ],
      [
        1183,
        175
      ]
    ],
    "mask_shape": [
      720,
      1280
    ],
    "mask_area": 49880,
    "min_area_rect": {
      "center": [
        999.910888671875,
        182.15310668945312
      ],
      "size": [
        142.2540283203125,
        425.4869079589844
      ],
      "angle": 67.06790161132812
    }
  },
  "potato_0": {
    "contour_points": [
      [
        685,
        361
      ],
      [
        675,
        438
      ],
      [
        746,
        511
      ],
      [
        799,
        539
      ],
      [
        907,
        533
      ],
      [
        929,
        438
      ],
      [
        847,
        343
      ],
      [
        754,
        324
      ]
    ],
    "mask_shape": [
      720,
      1280
    ],
    "mask_area": 43223,
    "min_area_rect": {
      "center": [
        806.4248657226562,
        435.4420166015625
      ],
      "size": [
        280.0507507324219,
        193.155517578125
      ],
      "angle": 42.049224853515625
    }
  },
  "redpepper_0": {
    "contour_points": [
      [
        569,
        481
      ],
      [
        524,
        522
      ],
      [
        503,
        643
      ],
      [
        529,
        681
      ],
      [
        639,
        719
      ],
      [
        682,
        692
      ],
      [
        722,
        562
      ],
      [
        689,
        513
      ]
    ],
    "mask_shape": [
      720,
      1280
    ],
    "mask_area": 40473,
    "min_area_rect": {
      "center": [
        611.109619140625,
        601.2720336914062
      ],
      "size": [
        216.82818603515625,
        221.61572265625
      ],
      "angle": 18.970407485961914
    }
  }
}