{
  "banana_0": {
    "contour_points": [
      [
        1226,
        324
      ],
      [
        1188,
        319
      ],
      [
        1185,
        402
      ],
      [
        1103,
        515
      ],
      [
        808,
        568
      ],
      [
        762,
        612
      ],
      [
        954,
        660
      ],
      [
        1171,
        611
      ],
      [
        1270,
        483
      ]
    ],
    "mask_shape": [
      720,
      1280
    ],
    "mask_area": 62985,
    "min_area_rect": {
      "center": [
        1046.171875,
        549.6773071289062
      ],
      "size": [
        237.9369354248047,
        546.06787109375
      ],
      "angle": 57.43135452270508
    }
  },
  "corn_0": {
    "contour_points": [
      [
        1249,
        54
      ],
      [
        1182,
        27
      ],
      [
        940,
        177
      ],
      [
        882,
        281
      ],
      [
        960,
        294
      ],
      [
        1137,
        213
      ],
      [
        1251,
        129
      ]
    ],
    "mask_shape": [
      720,
      1280
    ],
    "mask_area": 51927,
    "min_area_rect": {
      "center": [
        1068.0677490234375,
        171.32171630859375
      ],
      "size": [
        146.0757598876953,
        431.2496337890625
      ],
      "angle": 56.10383224487305
    }
  },
  "potato_0": {
    "contour_points": [
      [
        685,
        361
      ],
      [
        674,
        437
      ],
      [
        753,
        517
      ],
      [
        874,
        549
      ],
      [
        908,
        532
      ],
      [
        928,
        436
      ],
      [
        853,
        348
      ],
      [
        763,
        324
      ]
    ],
    "mask_shape": [
      720,
      1280
    ],
    "mask_area": 43334,
    "min_area_rect": {
      "center": [
        806.2379150390625,
        435.5448913574219
      ],
      "size": [
        280.27850341796875,
        193.16378784179688
      ],
      "angle": 41.633541107177734
    }
  },
  "redpepper_0": {
    "contour_points": [
      [
        570,
        481
      ],
      [
        524,
        522
      ],
      [
        502,
        642
      ],
      [
        528,
        681
      ],
      [
        641,
        719
      ],
      [
        682,
        692
      ],
      [
        722,
        562
      ],
      [
        688,
        513
      ]
    ],
    "mask_shape": [
      720,
      1280
    ],
    "mask_area": 40435,
    "min_area_rect": {
      "center": [
        608.9329833984375,
        597.4364013671875
      ],
      "size": [
        217.78875732421875,
        220.55001831054688
      ],
      "angle": 25.06746482849121
    }
  },
  "banana_1": {
    "contour_points": [
      [
        1267,
        440
      ],
      [
        1177,
        423
      ],
      [
        1077,
        529
      ],
      [
        806,
        569
      ],
      [
        762,
        611
      ],
      [
        876,
        658
      ],
      [
        1127,
        632
      ],
      [
        1238,
        552
      ]
    ],
    "mask_shape": [
      720,
      1280
    ],
    "mask_area": 55812,
    "min_area_rect": {
      "center": [
        1033.5345458984375,
        574.0319213867188
      ],
      "size": [
        176.44175720214844,
        532.5703125
      ],
      "angle": 68.58450317382812
    }
  }
}