{
  "corn_0": {
    "contour_points": [
      [
        1167,
        43
      ],
      [
        1092,
        39
      ],
      [
        1031,
        91
      ],
      [
        916,
        268
      ],
      [
        911,
        376
      ],
      [
        1001,
        353
      ],
      [
        1123,
        228
      ],
      [
        1197,
        109
      ]
    ],
    "mask_shape": [
      720,
      1280
    ],
    "mask_area": 53426,
    "min_area_rect": {
      "center": [
        1040.550048828125,
        210.580322265625
      ],
      "size": [
        155.20440673828125,
        419.571533203125
      ],
      "angle": 34.875328063964844
    }
  },
  "potato_0": {
    "contour_points": [
      [
        753,
        412
      ],
      [
        751,
        505
      ],
      [
        839,
        562
      ],
      [
        910,
        580
      ],
      [
        1003,
        553
      ],
      [
        1001,
        446
      ],
      [
        921,
        385
      ],
      [
        830,
        369
      ]
    ],
    "mask_shape": [
      720,
      1280
    ],
    "mask_area": 44829,
    "min_area_rect": {
      "center": [
        882.2816162109375,
        474.8091735839844
      ],
      "size": [
        287.2406005859375,
        194.3328399658203
      ],
      "angle": 29.845928192138672
    }
  },
  "redpepper_0": {
    "contour_points": [
      [
        570,
        481
      ],
      [
        524,
        522
      ],
      [
        502,
        642
      ],
      [
        533,
        684
      ],
      [
        647,
        717
      ],
      [
        720,
        617
      ],
      [
        722,
        563
      ],
      [
        688,
        513
      ]
    ],
    "mask_shape": [
      720,
      1280
    ],
    "mask_area": 40431,
    "min_area_rect": {
      "center": [
        610.56494140625,
        601.6355590820312
      ],
      "size": [
        216.65185546875,
        221.43446350097656
      ],
      "angle": 19.39781379699707
    }
  },
  "banana_0": {
    "contour_points": [
      [
        673,
        107
      ],
      [
        525,
        279
      ],
      [
        194,
        312
      ],
      [
        312,
        375
      ],
      [
        545,
        377
      ],
      [
        678,
        263
      ]
    ],
    "mask_shape": [
      720,
      1280
    ],
    "mask_area": 51111,
    "min_area_rect": {
      "center": [
        469.8988037109375,
        292.22454833984375
      ],
      "size": [
        216.19741821289062,
        520.997314453125
      ],
      "angle": 66.25050354003906
    }
  }
}